customer_id,name,email,city,created_at
47,Cliente 47,cliente47@example.com,Rio de Janeiro,2025-04-13
58,Cliente 58,cliente58@example.com,Outra,2023-11-04
155,Cliente 155,cliente155@example.com,São Paulo,2023-04-23
162,Cliente 162,cliente162@example.com,Belo Horizonte,2025-10-06
186,Cliente 186,cliente186@example.com,Rio de Janeiro,2024-02-01
210,Cliente 210,cliente210@example.com,São Paulo,2023-02-14
215,Cliente 215,cliente215@example.com,Belo Horizonte,2023-12-16
225,Cliente 225,cliente225@example.com,Curitiba,2022-12-05
229,Cliente 229,cliente229@example.com,São Paulo,2023-05-08
261,Cliente 261,cliente261@example.com,São Paulo,2025-09-13
276,Cliente 276,cliente276@example.com,Rio de Janeiro,2024-02-19
340,Cliente 340,cliente340@example.com,São Paulo,2023-11-19
410,Cliente 410,cliente410@example.com,São Paulo,2023-08-28
489,Cliente 489,cliente489@example.com,São Paulo,2023-05-06
556,Cliente 556,cliente556@example.com,São Paulo,2025-01-17
620,Cliente 620,cliente620@example.com,Rio de Janeiro,2023-10-21
643,Cliente 643,cliente643@example.com,Outra,2023-09-09
697,Cliente 697,cliente697@example.com,São Paulo,2023-06-06
705,Cliente 705,cliente705@example.com,Belo Horizonte,2025-07-19
716,Cliente 716,cliente716@example.com,Outra,2023-07-19
755,Cliente 755,cliente755@example.com,Curitiba,2023-09-08
775,Cliente 775,cliente775@example.com,Rio de Janeiro,2023-04-24
823,Cliente 823,cliente823@example.com,Curitiba,2024-01-25
990,Cliente 990,cliente990@example.com,Rio de Janeiro,2023-09-15
1046,Cliente 1046,cliente1046@example.com,Rio de Janeiro,2024-09-13
1066,Cliente 1066,cliente1066@example.com,Rio de Janeiro,2025-06-10
1216,Cliente 1216,cliente1216@example.com,Rio de Janeiro,2023-02-25
1223,Cliente 1223,cliente1223@example.com,Rio de Janeiro,2025-09-25
1360,Cliente 1360,cliente1360@example.com,São Paulo,2025-03-18
1383,Cliente 1383,cliente1383@example.com,Rio de Janeiro,2024-06-08
1416,Cliente 1416,cliente1416@example.com,Outra,2024-01-22
1514,Cliente 1514,cliente1514@example.com,São Paulo,2025-06-20
1625,Cliente 1625,cliente1625@example.com,Curitiba,2023-04-27
1822,Cliente 1822,cliente1822@example.com,Rio de Janeiro,2024-02-11
1833,Cliente 1833,cliente1833@example.com,Outra,2025-06-15
1859,Cliente 1859,cliente1859@example.com,Belo Horizonte,2024-05-06
1871,Cliente 1871,cliente1871@example.com,Rio de Janeiro,2023-01-21
1904,Cliente 1904,cliente1904@example.com,São Paulo,2024-02-27
1991,Cliente 1991,cliente1991@example.com,Curitiba,2023-12-26
2002,Cliente 2002,cliente2002@example.com,Rio de Janeiro,2023-12-29
2013,Cliente 2013,cliente2013@example.com,São Paulo,2023-02-15
2018,Cliente 2018,cliente2018@example.com,São Paulo,2023-06-16
2049,Cliente 2049,cliente2049@example.com,São Paulo,2023-12-16
2052,Cliente 2052,cliente2052@example.com,São Paulo,2023-12-21
2057,Cliente 2057,cliente2057@example.com,Rio de Janeiro,2025-02-14
2084,Cliente 2084,cliente2084@example.com,São Paulo,2024-01-19
2112,Cliente 2112,cliente2112@example.com,São Paulo,2023-10-03
2115,Cliente 2115,cliente2115@example.com,Rio de Janeiro,2024-03-26
2202,Cliente 2202,cliente2202@example.com,São Paulo,2024-05-02
2317,Cliente 2317,cliente2317@example.com,São Paulo,2023-08-30
2327,Cliente 2327,cliente2327@example.com,São Paulo,2023-11-27
2351,Cliente 2351,cliente2351@example.com,São Paulo,2022-12-25
2360,Cliente 2360,cliente2360@example.com,São Paulo,2023-09-27
2454,Cliente 2454,cliente2454@example.com,Belo Horizonte,2025-08-06
2455,Cliente 2455,cliente2455@example.com,Rio de Janeiro,2024-12-01
2470,Cliente 2470,cliente2470@example.com,São Paulo,2025-01-01
2693,Cliente 2693,cliente2693@example.com,Outra,2023-01-13
2724,Cliente 2724,cliente2724@example.com,Rio de Janeiro,2024-10-08
2834,Cliente 2834,cliente2834@example.com,São Paulo,2023-03-14
2844,Cliente 2844,cliente2844@example.com,Belo Horizonte,2023-09-21
2996,Cliente 2996,cliente2996@example.com,São Paulo,2025-06-27
3001,Cliente 3001,cliente3001@example.com,Belo Horizonte,2023-08-08
3116,Cliente 3116,cliente3116@example.com,São Paulo,2024-10-11
3126,Cliente 3126,cliente3126@example.com,São Paulo,2023-10-20
3319,Cliente 3319,cliente3319@example.com,Curitiba,2022-12-10
3361,Cliente 3361,cliente3361@example.com,Rio de Janeiro,2023-12-07
3417,Cliente 3417,cliente3417@example.com,Rio de Janeiro,2024-01-21
3498,Cliente 3498,cliente3498@example.com,Outra,2023-01-18
3526,Cliente 3526,cliente3526@example.com,Curitiba,2023-02-03
3555,Cliente 3555,cliente3555@example.com,Curitiba,2025-08-02
3578,Cliente 3578,cliente3578@example.com,Curitiba,2023-09-30
3592,Cliente 3592,cliente3592@example.com,São Paulo,2024-08-30
3599,Cliente 3599,cliente3599@example.com,São Paulo,2024-02-18
3624,Cliente 3624,cliente3624@example.com,Rio de Janeiro,2023-04-17
3639,Cliente 3639,cliente3639@example.com,São Paulo,2023-11-27
3704,Cliente 3704,cliente3704@example.com,Rio de Janeiro,2025-07-18
3782,Cliente 3782,cliente3782@example.com,Rio de Janeiro,2023-04-12
3857,Cliente 3857,cliente3857@example.com,São Paulo,2024-05-27
3862,Cliente 3862,cliente3862@example.com,Curitiba,2022-12-17
3901,Cliente 3901,cliente3901@example.com,Outra,2024-04-10
4052,Cliente 4052,cliente4052@example.com,Rio de Janeiro,2024-06-02
4099,Cliente 4099,cliente4099@example.com,São Paulo,2024-01-12
4137,Cliente 4137,cliente4137@example.com,Rio de Janeiro,2024-06-11
4167,Cliente 4167,cliente4167@example.com,São Paulo,2025-08-19
4198,Cliente 4198,cliente4198@example.com,Belo Horizonte,2024-12-30
4206,Cliente 4206,cliente4206@example.com,Curitiba,2024-06-04
4215,Cliente 4215,cliente4215@example.com,São Paulo,2023-03-14
4334,Cliente 4334,cliente4334@example.com,Rio de Janeiro,2024-10-30
4502,Cliente 4502,cliente4502@example.com,Outra,2025-02-01
4566,Cliente 4566,cliente4566@example.com,São Paulo,2024-10-10
4659,Cliente 4659,cliente4659@example.com,Rio de Janeiro,2024-05-18
4663,Cliente 4663,cliente4663@example.com,São Paulo,2024-08-01
4719,Cliente 4719,cliente4719@example.com,São Paulo,2024-01-26
4751,Cliente 4751,cliente4751@example.com,São Paulo,2025-01-02
4919,Cliente 4919,cliente4919@example.com,São Paulo,2023-10-13
4934,Cliente 4934,cliente4934@example.com,Curitiba,2024-04-29
4970,Cliente 4970,cliente4970@example.com,Belo Horizonte,2023-10-15
4976,Cliente 4976,cliente4976@example.com,Belo Horizonte,2023-03-06
5004,Cliente 5004,cliente5004@example.com,São Paulo,2024-09-02
5114,Cliente 5114,cliente5114@example.com,São Paulo,2023-12-28
5123,Cliente 5123,cliente5123@example.com,Curitiba,2024-09-12
5196,Cliente 5196,cliente5196@example.com,Rio de Janeiro,2025-05-18
5204,Cliente 5204,cliente5204@example.com,Outra,2023-11-18
5221,Cliente 5221,cliente5221@example.com,São Paulo,2023-08-18
5297,Cliente 5297,cliente5297@example.com,Curitiba,2024-07-09
5446,Cliente 5446,cliente5446@example.com,Curitiba,2024-06-01
5447,Cliente 5447,cliente5447@example.com,Outra,2023-06-14
5460,Cliente 5460,cliente5460@example.com,São Paulo,2024-12-07
5468,Cliente 5468,cliente5468@example.com,São Paulo,2025-03-06
5508,Cliente 5508,cliente5508@example.com,Belo Horizonte,2024-05-29
5529,Cliente 5529,cliente5529@example.com,Belo Horizonte,2023-04-03
5544,Cliente 5544,cliente5544@example.com,São Paulo,2024-10-24
5580,Cliente 5580,cliente5580@example.com,Curitiba,2024-01-09
5584,Cliente 5584,cliente5584@example.com,São Paulo,2024-04-28
5585,Cliente 5585,cliente5585@example.com,São Paulo,2025-02-22
5592,Cliente 5592,cliente5592@example.com,Curitiba,2025-01-13
5658,Cliente 5658,cliente5658@example.com,Curitiba,2023-06-17
5661,Cliente 5661,cliente5661@example.com,Rio de Janeiro,2025-06-12
5695,Cliente 5695,cliente5695@example.com,São Paulo,2025-10-10
5697,Cliente 5697,cliente5697@example.com,Belo Horizonte,2025-07-11
5782,Cliente 5782,cliente5782@example.com,São Paulo,2023-12-02
5801,Cliente 5801,cliente5801@example.com,Rio de Janeiro,2023-06-18
6070,Cliente 6070,cliente6070@example.com,São Paulo,2022-11-04
6096,Cliente 6096,cliente6096@example.com,Curitiba,2025-10-24
6166,Cliente 6166,cliente6166@example.com,Rio de Janeiro,2025-03-18
6176,Cliente 6176,cliente6176@example.com,Belo Horizonte,2024-01-10
6253,Cliente 6253,cliente6253@example.com,Curitiba,2024-08-31
6293,Cliente 6293,cliente6293@example.com,Curitiba,2025-05-11
6320,Cliente 6320,cliente6320@example.com,Outra,2025-10-23
6392,Cliente 6392,cliente6392@example.com,Rio de Janeiro,2023-02-06
6433,Cliente 6433,cliente6433@example.com,Rio de Janeiro,2024-04-13
6562,Cliente 6562,cliente6562@example.com,São Paulo,2024-12-31
6690,Cliente 6690,cliente6690@example.com,Belo Horizonte,2025-10-06
6779,Cliente 6779,cliente6779@example.com,Outra,2024-06-17
6828,Cliente 6828,cliente6828@example.com,Rio de Janeiro,2023-02-19
6941,Cliente 6941,cliente6941@example.com,São Paulo,2024-07-25
6954,Cliente 6954,cliente6954@example.com,São Paulo,2025-02-12
7051,Cliente 7051,cliente7051@example.com,Belo Horizonte,2024-09-22
7054,Cliente 7054,cliente7054@example.com,Rio de Janeiro,2025-09-03
7131,Cliente 7131,cliente7131@example.com,Curitiba,2025-03-22
7227,Cliente 7227,cliente7227@example.com,São Paulo,2022-11-12
7265,Cliente 7265,cliente7265@example.com,São Paulo,2025-10-21
7266,Cliente 7266,cliente7266@example.com,São Paulo,2025-08-12
7306,Cliente 7306,cliente7306@example.com,Rio de Janeiro,2025-06-02
7339,Cliente 7339,cliente7339@example.com,São Paulo,2024-07-01
7394,Cliente 7394,cliente7394@example.com,Rio de Janeiro,2023-03-16
7595,Cliente 7595,cliente7595@example.com,São Paulo,2023-06-23
7596,Cliente 7596,cliente7596@example.com,Outra,2023-09-12
7714,Cliente 7714,cliente7714@example.com,Rio de Janeiro,2025-04-08
7723,Cliente 7723,cliente7723@example.com,Belo Horizonte,2023-12-07
7724,Cliente 7724,cliente7724@example.com,Outra,2024-05-12
7749,Cliente 7749,cliente7749@example.com,Curitiba,2023-08-14
7793,Cliente 7793,cliente7793@example.com,Rio de Janeiro,2025-03-01
7825,Cliente 7825,cliente7825@example.com,Rio de Janeiro,2025-06-19
7857,Cliente 7857,cliente7857@example.com,Curitiba,2025-08-19
7914,Cliente 7914,cliente7914@example.com,Rio de Janeiro,2024-07-09
7921,Cliente 7921,cliente7921@example.com,Curitiba,2025-05-05
7922,Cliente 7922,cliente7922@example.com,Belo Horizonte,2025-03-14
7968,Cliente 7968,cliente7968@example.com,Belo Horizonte,2024-03-31
7991,Cliente 7991,cliente7991@example.com,Curitiba,2022-11-17
7995,Cliente 7995,cliente7995@example.com,São Paulo,2025-04-10
8052,Cliente 8052,cliente8052@example.com,Outra,2024-02-01
8237,Cliente 8237,cliente8237@example.com,Curitiba,2023-08-12
8259,Cliente 8259,cliente8259@example.com,São Paulo,2024-11-04
8265,Cliente 8265,cliente8265@example.com,São Paulo,2023-05-12
8298,Cliente 8298,cliente8298@example.com,São Paulo,2024-08-31
8374,Cliente 8374,cliente8374@example.com,Outra,2025-02-04
8378,Cliente 8378,cliente8378@example.com,São Paulo,2023-02-05
8405,Cliente 8405,cliente8405@example.com,São Paulo,2023-12-11
8429,Cliente 8429,cliente8429@example.com,São Paulo,2023-06-01
8440,Cliente 8440,cliente8440@example.com,São Paulo,2024-12-26
8450,Cliente 8450,cliente8450@example.com,São Paulo,2022-12-24
8476,Cliente 8476,cliente8476@example.com,Rio de Janeiro,2025-10-01
8585,Cliente 8585,cliente8585@example.com,Curitiba,2023-02-07
8615,Cliente 8615,cliente8615@example.com,Rio de Janeiro,2024-03-15
8952,Cliente 8952,cliente8952@example.com,São Paulo,2024-03-31
9022,Cliente 9022,cliente9022@example.com,São Paulo,2025-03-10
9099,Cliente 9099,cliente9099@example.com,Outra,2023-11-08
9111,Cliente 9111,cliente9111@example.com,Belo Horizonte,2024-09-21
9131,Cliente 9131,cliente9131@example.com,São Paulo,2025-09-22
9144,Cliente 9144,cliente9144@example.com,Rio de Janeiro,2024-09-15
9180,Cliente 9180,cliente9180@example.com,São Paulo,2024-11-05
9232,Cliente 9232,cliente9232@example.com,Rio de Janeiro,2023-02-09
9262,Cliente 9262,cliente9262@example.com,Rio de Janeiro,2025-09-07
9297,Cliente 9297,cliente9297@example.com,Belo Horizonte,2023-08-20
9400,Cliente 9400,cliente9400@example.com,Rio de Janeiro,2025-07-12
9445,Cliente 9445,cliente9445@example.com,Belo Horizonte,2023-11-01
9446,Cliente 9446,cliente9446@example.com,Curitiba,2025-08-06
9464,Cliente 9464,cliente9464@example.com,Belo Horizonte,2023-06-10
9498,Cliente 9498,cliente9498@example.com,Rio de Janeiro,2023-01-02
9506,Cliente 9506,cliente9506@example.com,Belo Horizonte,2025-02-03
9510,Cliente 9510,cliente9510@example.com,São Paulo,2024-02-01
9513,Cliente 9513,cliente9513@example.com,São Paulo,2023-01-03
9540,Cliente 9540,cliente9540@example.com,Outra,2024-03-17
9716,Cliente 9716,cliente9716@example.com,São Paulo,2025-02-01
9722,Cliente 9722,cliente9722@example.com,Outra,2024-12-24
9780,Cliente 9780,cliente9780@example.com,São Paulo,2024-03-09
9800,Cliente 9800,cliente9800@example.com,Belo Horizonte,2022-12-27
9802,Cliente 9802,cliente9802@example.com,São Paulo,2024-07-11
9869,Cliente 9869,cliente9869@example.com,Rio de Janeiro,2024-01-13
9898,Cliente 9898,cliente9898@example.com,São Paulo,2023-07-28
9967,Cliente 9967,cliente9967@example.com,Belo Horizonte,2024-10-23
9985,Cliente 9985,cliente9985@example.com,Rio de Janeiro,2024-04-09
34,Cliente 34,cliente34@example.com,São Paulo,2023-12-13
172,Cliente 172,cliente172@example.com,São Paulo,2022-12-01
220,Cliente 220,cliente220@example.com,São Paulo,2024-11-15
297,Cliente 297,cliente297@example.com,Rio de Janeiro,2024-03-10
403,Cliente 403,cliente403@example.com,Rio de Janeiro,2024-03-28
491,Cliente 491,cliente491@example.com,São Paulo,2025-07-22
527,Cliente 527,cliente527@example.com,Rio de Janeiro,2023-03-28
535,Cliente 535,cliente535@example.com,São Paulo,2024-12-07
660,Cliente 660,cliente660@example.com,Outra,2025-08-20
678,Cliente 678,cliente678@example.com,São Paulo,2024-01-02
691,Cliente 691,cliente691@example.com,Rio de Janeiro,2025-09-10
750,Cliente 750,cliente750@example.com,Rio de Janeiro,2023-03-28
771,Cliente 771,cliente771@example.com,São Paulo,2023-05-30
772,Cliente 772,cliente772@example.com,Rio de Janeiro,2024-03-07
857,Cliente 857,cliente857@example.com,São Paulo,2023-12-11
874,Cliente 874,cliente874@example.com,Belo Horizonte,2025-08-24
988,Cliente 988,cliente988@example.com,Outra,2023-03-07
1157,Cliente 1157,cliente1157@example.com,São Paulo,2025-07-19
1162,Cliente 1162,cliente1162@example.com,Belo Horizonte,2025-05-02
1258,Cliente 1258,cliente1258@example.com,Belo Horizonte,2024-08-22
1269,Cliente 1269,cliente1269@example.com,São Paulo,2023-10-30
1384,Cliente 1384,cliente1384@example.com,São Paulo,2023-05-21
1398,Cliente 1398,cliente1398@example.com,São Paulo,2024-01-11
1400,Cliente 1400,cliente1400@example.com,São Paulo,2023-04-29
1472,Cliente 1472,cliente1472@example.com,Outra,2024-04-05
1476,Cliente 1476,cliente1476@example.com,Outra,2025-01-28
1477,Cliente 1477,cliente1477@example.com,São Paulo,2024-04-23
1579,Cliente 1579,cliente1579@example.com,Rio de Janeiro,2023-12-13
1605,Cliente 1605,cliente1605@example.com,São Paulo,2023-04-29
1660,Cliente 1660,cliente1660@example.com,São Paulo,2025-08-22
1776,Cliente 1776,cliente1776@example.com,Rio de Janeiro,2024-05-12
1811,Cliente 1811,cliente1811@example.com,São Paulo,2022-12-05
1843,Cliente 1843,cliente1843@example.com,Belo Horizonte,2023-01-30
1852,Cliente 1852,cliente1852@example.com,Outra,2024-04-10
1888,Cliente 1888,cliente1888@example.com,Outra,2024-04-22
1908,Cliente 1908,cliente1908@example.com,São Paulo,2025-10-22
2038,Cliente 2038,cliente2038@example.com,Outra,2024-03-18
2050,Cliente 2050,cliente2050@example.com,Rio de Janeiro,2023-07-26
2068,Cliente 2068,cliente2068@example.com,Outra,2023-09-15
2078,Cliente 2078,cliente2078@example.com,São Paulo,2024-09-24
2105,Cliente 2105,cliente2105@example.com,Belo Horizonte,2022-11-14
2125,Cliente 2125,cliente2125@example.com,Outra,2024-02-17
2189,Cliente 2189,cliente2189@example.com,São Paulo,2024-11-24
2221,Cliente 2221,cliente2221@example.com,Rio de Janeiro,2024-07-05
2251,Cliente 2251,cliente2251@example.com,Rio de Janeiro,2023-06-19
2271,Cliente 2271,cliente2271@example.com,São Paulo,2024-10-18
2329,Cliente 2329,cliente2329@example.com,São Paulo,2024-05-15
2335,Cliente 2335,cliente2335@example.com,Outra,2025-09-10
2423,Cliente 2423,cliente2423@example.com,Outra,2024-06-19
2555,Cliente 2555,cliente2555@example.com,São Paulo,2023-09-28
2584,Cliente 2584,cliente2584@example.com,Belo Horizonte,2022-11-21
2623,Cliente 2623,cliente2623@example.com,São Paulo,2023-07-29
2639,Cliente 2639,cliente2639@example.com,Rio de Janeiro,2025-10-02
2803,Cliente 2803,cliente2803@example.com,Outra,2023-02-17
2884,Cliente 2884,cliente2884@example.com,Belo Horizonte,2024-01-24
2914,Cliente 2914,cliente2914@example.com,São Paulo,2024-07-11
2926,Cliente 2926,cliente2926@example.com,São Paulo,2025-08-15
3009,Cliente 3009,cliente3009@example.com,Rio de Janeiro,2024-10-14
3035,Cliente 3035,cliente3035@example.com,São Paulo,2022-12-06
3038,Cliente 3038,cliente3038@example.com,São Paulo,2025-02-09
3119,Cliente 3119,cliente3119@example.com,São Paulo,2023-09-26
3120,Cliente 3120,cliente3120@example.com,São Paulo,2025-04-11
3136,Cliente 3136,cliente3136@example.com,Rio de Janeiro,2023-02-25
3139,Cliente 3139,cliente3139@example.com,Rio de Janeiro,2024-05-02
3142,Cliente 3142,cliente3142@example.com,São Paulo,2025-08-01
3162,Cliente 3162,cliente3162@example.com,São Paulo,2024-03-01
3207,Cliente 3207,cliente3207@example.com,Rio de Janeiro,2025-10-12
3274,Cliente 3274,cliente3274@example.com,São Paulo,2023-02-08
3582,Cliente 3582,cliente3582@example.com,Curitiba,2023-11-19
3669,Cliente 3669,cliente3669@example.com,São Paulo,2023-03-01
3686,Cliente 3686,cliente3686@example.com,São Paulo,2024-01-14
3758,Cliente 3758,cliente3758@example.com,São Paulo,2023-06-25
3762,Cliente 3762,cliente3762@example.com,Rio de Janeiro,2022-11-29
3828,Cliente 3828,cliente3828@example.com,Belo Horizonte,2024-12-12
4174,Cliente 4174,cliente4174@example.com,Curitiba,2025-03-06
4182,Cliente 4182,cliente4182@example.com,Belo Horizonte,2025-04-19
4205,Cliente 4205,cliente4205@example.com,Outra,2025-08-09
4294,Cliente 4294,cliente4294@example.com,Rio de Janeiro,2023-08-10
4315,Cliente 4315,cliente4315@example.com,Belo Horizonte,2023-02-25
4322,Cliente 4322,cliente4322@example.com,Belo Horizonte,2025-02-09
4356,Cliente 4356,cliente4356@example.com,São Paulo,2024-04-13
4364,Cliente 4364,cliente4364@example.com,Outra,2025-10-04
4503,Cliente 4503,cliente4503@example.com,São Paulo,2024-05-25
4564,Cliente 4564,cliente4564@example.com,Outra,2024-11-17
4643,Cliente 4643,cliente4643@example.com,Rio de Janeiro,2022-12-21
4775,Cliente 4775,cliente4775@example.com,Curitiba,2024-11-05
4837,Cliente 4837,cliente4837@example.com,Rio de Janeiro,2025-08-24
4871,Cliente 4871,cliente4871@example.com,São Paulo,2025-03-07
4910,Cliente 4910,cliente4910@example.com,Belo Horizonte,2024-05-07
4915,Cliente 4915,cliente4915@example.com,São Paulo,2024-12-19
4916,Cliente 4916,cliente4916@example.com,Curitiba,2025-02-17
4977,Cliente 4977,cliente4977@example.com,Belo Horizonte,2023-07-16
5032,Cliente 5032,cliente5032@example.com,São Paulo,2024-03-16
5080,Cliente 5080,cliente5080@example.com,São Paulo,2023-09-23
5111,Cliente 5111,cliente5111@example.com,São Paulo,2025-01-04
5168,Cliente 5168,cliente5168@example.com,Rio de Janeiro,2022-12-14
5264,Cliente 5264,cliente5264@example.com,São Paulo,2024-07-31
5384,Cliente 5384,cliente5384@example.com,Outra,2022-12-08
5431,Cliente 5431,cliente5431@example.com,Outra,2024-04-09
5461,Cliente 5461,cliente5461@example.com,Rio de Janeiro,2023-08-19
5547,Cliente 5547,cliente5547@example.com,Outra,2023-09-15
5586,Cliente 5586,cliente5586@example.com,São Paulo,2023-01-24
5642,Cliente 5642,cliente5642@example.com,Rio de Janeiro,2023-07-06
5652,Cliente 5652,cliente5652@example.com,São Paulo,2025-06-07
5718,Cliente 5718,cliente5718@example.com,Rio de Janeiro,2024-07-04
5739,Cliente 5739,cliente5739@example.com,São Paulo,2023-07-19
5740,Cliente 5740,cliente5740@example.com,Curitiba,2023-04-15
5747,Cliente 5747,cliente5747@example.com,Curitiba,2024-10-08
5853,Cliente 5853,cliente5853@example.com,São Paulo,2024-09-02
5897,Cliente 5897,cliente5897@example.com,São Paulo,2024-11-30
5923,Cliente 5923,cliente5923@example.com,Rio de Janeiro,2024-04-17
6033,Cliente 6033,cliente6033@example.com,São Paulo,2023-10-03
6048,Cliente 6048,cliente6048@example.com,Rio de Janeiro,2025-07-23
6051,Cliente 6051,cliente6051@example.com,Curitiba,2023-04-19
6064,Cliente 6064,cliente6064@example.com,Rio de Janeiro,2024-06-05
6141,Cliente 6141,cliente6141@example.com,Rio de Janeiro,2023-04-12
6159,Cliente 6159,cliente6159@example.com,São Paulo,2025-02-13
6252,Cliente 6252,cliente6252@example.com,Outra,2023-06-25
6363,Cliente 6363,cliente6363@example.com,São Paulo,2023-07-21
6368,Cliente 6368,cliente6368@example.com,São Paulo,2024-06-22
6371,Cliente 6371,cliente6371@example.com,Curitiba,2024-08-27
6447,Cliente 6447,cliente6447@example.com,São Paulo,2023-03-26
6449,Cliente 6449,cliente6449@example.com,Belo Horizonte,2024-12-21
6525,Cliente 6525,cliente6525@example.com,São Paulo,2025-07-15
6570,Cliente 6570,cliente6570@example.com,São Paulo,2023-06-28
6712,Cliente 6712,cliente6712@example.com,São Paulo,2023-01-25
6755,Cliente 6755,cliente6755@example.com,São Paulo,2023-01-03
6760,Cliente 6760,cliente6760@example.com,Curitiba,2024-12-04
6767,Cliente 6767,cliente6767@example.com,Rio de Janeiro,2024-01-21
6821,Cliente 6821,cliente6821@example.com,Rio de Janeiro,2025-06-18
6874,Cliente 6874,cliente6874@example.com,São Paulo,2025-08-31
6990,Cliente 6990,cliente6990@example.com,São Paulo,2025-02-04
7023,Cliente 7023,cliente7023@example.com,Outra,2024-08-17
7162,Cliente 7162,cliente7162@example.com,São Paulo,2023-08-28
7216,Cliente 7216,cliente7216@example.com,São Paulo,2022-11-11
7391,Cliente 7391,cliente7391@example.com,Outra,2023-08-31
7461,Cliente 7461,cliente7461@example.com,São Paulo,2023-12-14
7494,Cliente 7494,cliente7494@example.com,Belo Horizonte,2024-02-24
7549,Cliente 7549,cliente7549@example.com,São Paulo,2023-08-29
7559,Cliente 7559,cliente7559@example.com,Belo Horizonte,2024-06-15
7560,Cliente 7560,cliente7560@example.com,Belo Horizonte,2024-07-19
7603,Cliente 7603,cliente7603@example.com,Rio de Janeiro,2024-08-05
7763,Cliente 7763,cliente7763@example.com,Belo Horizonte,2022-11-27
7822,Cliente 7822,cliente7822@example.com,São Paulo,2024-01-10
7837,Cliente 7837,cliente7837@example.com,Rio de Janeiro,2025-04-22
7904,Cliente 7904,cliente7904@example.com,São Paulo,2024-12-28
7925,Cliente 7925,cliente7925@example.com,São Paulo,2024-07-30
7942,Cliente 7942,cliente7942@example.com,São Paulo,2024-02-11
7945,Cliente 7945,cliente7945@example.com,Rio de Janeiro,2023-09-15
7959,Cliente 7959,cliente7959@example.com,Belo Horizonte,2023-07-20
7994,Cliente 7994,cliente7994@example.com,Curitiba,2023-05-14
8029,Cliente 8029,cliente8029@example.com,São Paulo,2022-12-24
8105,Cliente 8105,cliente8105@example.com,São Paulo,2025-03-09
8136,Cliente 8136,cliente8136@example.com,Rio de Janeiro,2023-08-30
8147,Cliente 8147,cliente8147@example.com,Belo Horizonte,2024-08-18
8158,Cliente 8158,cliente8158@example.com,Outra,2025-09-10
8160,Cliente 8160,cliente8160@example.com,Rio de Janeiro,2024-06-19
8236,Cliente 8236,cliente8236@example.com,Curitiba,2023-01-17
8243,Cliente 8243,cliente8243@example.com,Rio de Janeiro,2023-08-12
8276,Cliente 8276,cliente8276@example.com,Belo Horizonte,2023-03-19
8277,Cliente 8277,cliente8277@example.com,Rio de Janeiro,2024-04-10
8452,Cliente 8452,cliente8452@example.com,Curitiba,2024-09-03
8507,Cliente 8507,cliente8507@example.com,São Paulo,2024-08-23
8564,Cliente 8564,cliente8564@example.com,Rio de Janeiro,2023-10-18
8689,Cliente 8689,cliente8689@example.com,Outra,2025-05-16
8693,Cliente 8693,cliente8693@example.com,Belo Horizonte,2025-06-08
8702,Cliente 8702,cliente8702@example.com,São Paulo,2025-03-26
8739,Cliente 8739,cliente8739@example.com,Belo Horizonte,2025-10-13
8748,Cliente 8748,cliente8748@example.com,São Paulo,2022-12-06
8750,Cliente 8750,cliente8750@example.com,São Paulo,2023-12-28
8831,Cliente 8831,cliente8831@example.com,Rio de Janeiro,2023-11-03
8836,Cliente 8836,cliente8836@example.com,Rio de Janeiro,2023-05-19
8867,Cliente 8867,cliente8867@example.com,São Paulo,2023-04-17
8992,Cliente 8992,cliente8992@example.com,São Paulo,2023-07-16
8994,Cliente 8994,cliente8994@example.com,Rio de Janeiro,2025-06-03
9088,Cliente 9088,cliente9088@example.com,Belo Horizonte,2023-08-22
9103,Cliente 9103,cliente9103@example.com,São Paulo,2024-03-07
9197,Cliente 9197,cliente9197@example.com,São Paulo,2025-03-19
9210,Cliente 9210,cliente9210@example.com,Rio de Janeiro,2023-08-15
9274,Cliente 9274,cliente9274@example.com,Rio de Janeiro,2025-05-29
9299,Cliente 9299,cliente9299@example.com,Belo Horizonte,2023-09-20
9353,Cliente 9353,cliente9353@example.com,Rio de Janeiro,2024-10-30
9390,Cliente 9390,cliente9390@example.com,Outra,2023-07-06
9404,Cliente 9404,cliente9404@example.com,São Paulo,2024-07-24
9418,Cliente 9418,cliente9418@example.com,Rio de Janeiro,2025-05-28
9430,Cliente 9430,cliente9430@example.com,São Paulo,2023-02-14
9433,Cliente 9433,cliente9433@example.com,Rio de Janeiro,2025-06-26
9452,Cliente 9452,cliente9452@example.com,São Paulo,2025-01-23
9788,Cliente 9788,cliente9788@example.com,Rio de Janeiro,2024-06-30
9917,Cliente 9917,cliente9917@example.com,Belo Horizonte,2023-01-25
9966,Cliente 9966,cliente9966@example.com,Belo Horizonte,2025-10-07
57,Cliente 57,cliente57@example.com,Rio de Janeiro,2025-02-23
72,Cliente 72,cliente72@example.com,São Paulo,2023-12-21
91,Cliente 91,cliente91@example.com,São Paulo,2025-09-16
125,Cliente 125,cliente125@example.com,Rio de Janeiro,2025-09-18
169,Cliente 169,cliente169@example.com,São Paulo,2024-11-01
197,Cliente 197,cliente197@example.com,Belo Horizonte,2023-01-24
201,Cliente 201,cliente201@example.com,São Paulo,2024-10-29
217,Cliente 217,cliente217@example.com,Curitiba,2024-12-04
273,Cliente 273,cliente273@example.com,São Paulo,2024-08-03
361,Cliente 361,cliente361@example.com,São Paulo,2024-08-07
437,Cliente 437,cliente437@example.com,Outra,2024-03-30
509,Cliente 509,cliente509@example.com,São Paulo,2024-09-07
513,Cliente 513,cliente513@example.com,São Paulo,2023-11-25
530,Cliente 530,cliente530@example.com,São Paulo,2023-07-21
542,Cliente 542,cliente542@example.com,Belo Horizonte,2023-01-16
546,Cliente 546,cliente546@example.com,São Paulo,2025-02-10
644,Cliente 644,cliente644@example.com,Belo Horizonte,2025-09-08
723,Cliente 723,cliente723@example.com,Curitiba,2023-08-09
783,Cliente 783,cliente783@example.com,Outra,2023-12-31
810,Cliente 810,cliente810@example.com,São Paulo,2025-10-13
852,Cliente 852,cliente852@example.com,São Paulo,2025-04-10
991,Cliente 991,cliente991@example.com,Rio de Janeiro,2025-02-16
1022,Cliente 1022,cliente1022@example.com,São Paulo,2024-12-08
1024,Cliente 1024,cliente1024@example.com,Rio de Janeiro,2024-09-02
1076,Cliente 1076,cliente1076@example.com,São Paulo,2024-12-09
1102,Cliente 1102,cliente1102@example.com,Curitiba,2025-04-01
1124,Cliente 1124,cliente1124@example.com,Outra,2024-03-16
1150,Cliente 1150,cliente1150@example.com,Rio de Janeiro,2023-06-15
1183,Cliente 1183,cliente1183@example.com,São Paulo,2023-09-05
1185,Cliente 1185,cliente1185@example.com,São Paulo,2025-01-14
1198,Cliente 1198,cliente1198@example.com,Belo Horizonte,2023-10-07
1213,Cliente 1213,cliente1213@example.com,São Paulo,2024-04-19
1233,Cliente 1233,cliente1233@example.com,Outra,2024-08-01
1235,Cliente 1235,cliente1235@example.com,Rio de Janeiro,2023-03-25
1302,Cliente 1302,cliente1302@example.com,Curitiba,2023-03-23
1309,Cliente 1309,cliente1309@example.com,Belo Horizonte,2022-11-03
1350,Cliente 1350,cliente1350@example.com,São Paulo,2023-07-04
1415,Cliente 1415,cliente1415@example.com,Belo Horizonte,2022-11-22
1485,Cliente 1485,cliente1485@example.com,Curitiba,2023-03-28
1493,Cliente 1493,cliente1493@example.com,Rio de Janeiro,2024-12-12
1637,Cliente 1637,cliente1637@example.com,São Paulo,2025-06-22
1650,Cliente 1650,cliente1650@example.com,São Paulo,2024-07-19
1923,Cliente 1923,cliente1923@example.com,Rio de Janeiro,2023-02-14
1970,Cliente 1970,cliente1970@example.com,São Paulo,2025-01-12
1984,Cliente 1984,cliente1984@example.com,Rio de Janeiro,2024-03-29
2133,Cliente 2133,cliente2133@example.com,Rio de Janeiro,2023-04-17
2177,Cliente 2177,cliente2177@example.com,Belo Horizonte,2024-12-09
2220,Cliente 2220,cliente2220@example.com,Belo Horizonte,2024-03-05
2277,Cliente 2277,cliente2277@example.com,São Paulo,2024-07-28
2291,Cliente 2291,cliente2291@example.com,Rio de Janeiro,2023-10-22
2307,Cliente 2307,cliente2307@example.com,Belo Horizonte,2024-02-21
2365,Cliente 2365,cliente2365@example.com,Rio de Janeiro,2024-03-21
2374,Cliente 2374,cliente2374@example.com,São Paulo,2025-06-17
2378,Cliente 2378,cliente2378@example.com,Rio de Janeiro,2025-07-14
2395,Cliente 2395,cliente2395@example.com,São Paulo,2022-11-26
2448,Cliente 2448,cliente2448@example.com,São Paulo,2025-10-12
2450,Cliente 2450,cliente2450@example.com,Belo Horizonte,2024-01-25
2474,Cliente 2474,cliente2474@example.com,Rio de Janeiro,2024-02-04
2565,Cliente 2565,cliente2565@example.com,Rio de Janeiro,2024-02-17
2596,Cliente 2596,cliente2596@example.com,Curitiba,2025-04-23
2599,Cliente 2599,cliente2599@example.com,São Paulo,2024-08-21
2656,Cliente 2656,cliente2656@example.com,Rio de Janeiro,2023-06-09
2671,Cliente 2671,cliente2671@example.com,Rio de Janeiro,2023-06-11
2678,Cliente 2678,cliente2678@example.com,Curitiba,2024-10-07
2701,Cliente 2701,cliente2701@example.com,Belo Horizonte,2025-04-06
2702,Cliente 2702,cliente2702@example.com,Belo Horizonte,2024-10-18
2893,Cliente 2893,cliente2893@example.com,São Paulo,2025-08-15
3052,Cliente 3052,cliente3052@example.com,São Paulo,2023-12-08
3101,Cliente 3101,cliente3101@example.com,Curitiba,2025-06-13
3133,Cliente 3133,cliente3133@example.com,São Paulo,2023-04-15
3143,Cliente 3143,cliente3143@example.com,Belo Horizonte,2022-11-03
3151,Cliente 3151,cliente3151@example.com,Belo Horizonte,2025-10-21
3200,Cliente 3200,cliente3200@example.com,Rio de Janeiro,2023-01-23
3242,Cliente 3242,cliente3242@example.com,Rio de Janeiro,2022-11-08
3260,Cliente 3260,cliente3260@example.com,Curitiba,2023-07-19
3263,Cliente 3263,cliente3263@example.com,Outra,2022-12-12
3281,Cliente 3281,cliente3281@example.com,Rio de Janeiro,2025-05-19
3304,Cliente 3304,cliente3304@example.com,São Paulo,2023-10-30
3458,Cliente 3458,cliente3458@example.com,São Paulo,2023-02-02
3545,Cliente 3545,cliente3545@example.com,São Paulo,2025-05-20
3552,Cliente 3552,cliente3552@example.com,São Paulo,2024-05-09
3554,Cliente 3554,cliente3554@example.com,São Paulo,2023-09-04
3655,Cliente 3655,cliente3655@example.com,São Paulo,2024-01-30
3662,Cliente 3662,cliente3662@example.com,São Paulo,2025-09-20
3724,Cliente 3724,cliente3724@example.com,Outra,2025-01-11
3784,Cliente 3784,cliente3784@example.com,Outra,2024-03-06
3838,Cliente 3838,cliente3838@example.com,São Paulo,2023-09-15
3864,Cliente 3864,cliente3864@example.com,São Paulo,2023-07-15
3871,Cliente 3871,cliente3871@example.com,São Paulo,2024-09-18
3879,Cliente 3879,cliente3879@example.com,Rio de Janeiro,2025-04-20
3885,Cliente 3885,cliente3885@example.com,São Paulo,2024-10-13
3892,Cliente 3892,cliente3892@example.com,Rio de Janeiro,2023-08-16
4043,Cliente 4043,cliente4043@example.com,Curitiba,2025-05-17
4161,Cliente 4161,cliente4161@example.com,Belo Horizonte,2023-09-22
4321,Cliente 4321,cliente4321@example.com,Belo Horizonte,2024-09-25
4399,Cliente 4399,cliente4399@example.com,Belo Horizonte,2025-06-17
4518,Cliente 4518,cliente4518@example.com,Rio de Janeiro,2025-05-08
4595,Cliente 4595,cliente4595@example.com,Outra,2025-05-12
4690,Cliente 4690,cliente4690@example.com,São Paulo,2023-05-16
4770,Cliente 4770,cliente4770@example.com,Rio de Janeiro,2025-01-19
4821,Cliente 4821,cliente4821@example.com,São Paulo,2023-02-10
4824,Cliente 4824,cliente4824@example.com,São Paulo,2024-06-18
4967,Cliente 4967,cliente4967@example.com,São Paulo,2023-09-22
5050,Cliente 5050,cliente5050@example.com,Rio de Janeiro,2023-05-22
5083,Cliente 5083,cliente5083@example.com,Curitiba,2025-10-13
5181,Cliente 5181,cliente5181@example.com,São Paulo,2024-09-15
5200,Cliente 5200,cliente5200@example.com,Curitiba,2023-12-20
5208,Cliente 5208,cliente5208@example.com,Rio de Janeiro,2024-08-25
5291,Cliente 5291,cliente5291@example.com,São Paulo,2025-04-27
5316,Cliente 5316,cliente5316@example.com,São Paulo,2024-09-27
5328,Cliente 5328,cliente5328@example.com,São Paulo,2024-07-27
5336,Cliente 5336,cliente5336@example.com,Belo Horizonte,2025-02-05
5345,Cliente 5345,cliente5345@example.com,São Paulo,2024-02-15
5354,Cliente 5354,cliente5354@example.com,Rio de Janeiro,2025-06-17
5359,Cliente 5359,cliente5359@example.com,Outra,2025-05-30
5393,Cliente 5393,cliente5393@example.com,Rio de Janeiro,2024-01-31
5489,Cliente 5489,cliente5489@example.com,Curitiba,2024-03-16
5516,Cliente 5516,cliente5516@example.com,Rio de Janeiro,2023-03-04
5628,Cliente 5628,cliente5628@example.com,Rio de Janeiro,2025-10-07
5866,Cliente 5866,cliente5866@example.com,São Paulo,2025-09-02
5911,Cliente 5911,cliente5911@example.com,Belo Horizonte,2023-03-15
5933,Cliente 5933,cliente5933@example.com,São Paulo,2025-05-20
6009,Cliente 6009,cliente6009@example.com,São Paulo,2023-11-16
6153,Cliente 6153,cliente6153@example.com,Rio de Janeiro,2025-02-09
6244,Cliente 6244,cliente6244@example.com,Belo Horizonte,2023-05-08
6312,Cliente 6312,cliente6312@example.com,Belo Horizonte,2024-08-16
6328,Cliente 6328,cliente6328@example.com,Outra,2022-12-04
6438,Cliente 6438,cliente6438@example.com,Rio de Janeiro,2025-06-16
6474,Cliente 6474,cliente6474@example.com,Rio de Janeiro,2024-07-24
6671,Cliente 6671,cliente6671@example.com,São Paulo,2025-03-31
6722,Cliente 6722,cliente6722@example.com,São Paulo,2025-08-22
6724,Cliente 6724,cliente6724@example.com,Outra,2024-02-16
6774,Cliente 6774,cliente6774@example.com,Belo Horizonte,2023-08-31
6906,Cliente 6906,cliente6906@example.com,Belo Horizonte,2024-12-25
6918,Cliente 6918,cliente6918@example.com,Belo Horizonte,2025-03-10
7024,Cliente 7024,cliente7024@example.com,Rio de Janeiro,2023-01-17
7130,Cliente 7130,cliente7130@example.com,Belo Horizonte,2022-11-19
7156,Cliente 7156,cliente7156@example.com,Rio de Janeiro,2024-07-24
7220,Cliente 7220,cliente7220@example.com,São Paulo,2025-07-31
7249,Cliente 7249,cliente7249@example.com,São Paulo,2024-12-17
7281,Cliente 7281,cliente7281@example.com,Belo Horizonte,2025-07-15
7282,Cliente 7282,cliente7282@example.com,Rio de Janeiro,2023-09-29
7322,Cliente 7322,cliente7322@example.com,Rio de Janeiro,2024-08-12
7363,Cliente 7363,cliente7363@example.com,Curitiba,2023-10-20
7387,Cliente 7387,cliente7387@example.com,Rio de Janeiro,2025-02-18
7429,Cliente 7429,cliente7429@example.com,Rio de Janeiro,2023-02-15
7557,Cliente 7557,cliente7557@example.com,Belo Horizonte,2024-01-21
7619,Cliente 7619,cliente7619@example.com,Outra,2024-09-22
7678,Cliente 7678,cliente7678@example.com,São Paulo,2023-02-07
7683,Cliente 7683,cliente7683@example.com,São Paulo,2025-07-17
7703,Cliente 7703,cliente7703@example.com,Rio de Janeiro,2024-09-23
7797,Cliente 7797,cliente7797@example.com,Belo Horizonte,2023-08-10
7877,Cliente 7877,cliente7877@example.com,São Paulo,2024-11-24
7924,Cliente 7924,cliente7924@example.com,São Paulo,2024-05-07
7967,Cliente 7967,cliente7967@example.com,São Paulo,2023-11-05
8111,Cliente 8111,cliente8111@example.com,São Paulo,2024-02-06
8114,Cliente 8114,cliente8114@example.com,Belo Horizonte,2022-12-09
8206,Cliente 8206,cliente8206@example.com,Outra,2023-09-10
8226,Cliente 8226,cliente8226@example.com,São Paulo,2024-11-05
8241,Cliente 8241,cliente8241@example.com,Rio de Janeiro,2025-08-22
8305,Cliente 8305,cliente8305@example.com,Rio de Janeiro,2023-02-19
8387,Cliente 8387,cliente8387@example.com,Belo Horizonte,2023-10-19
8456,Cliente 8456,cliente8456@example.com,São Paulo,2025-05-27
8575,Cliente 8575,cliente8575@example.com,São Paulo,2024-08-16
8592,Cliente 8592,cliente8592@example.com,Curitiba,2025-05-22
8607,Cliente 8607,cliente8607@example.com,São Paulo,2024-09-14
8621,Cliente 8621,cliente8621@example.com,São Paulo,2023-08-07
8642,Cliente 8642,cliente8642@example.com,Outra,2024-04-18
8653,Cliente 8653,cliente8653@example.com,São Paulo,2024-09-24
8790,Cliente 8790,cliente8790@example.com,Rio de Janeiro,2025-05-28
8823,Cliente 8823,cliente8823@example.com,Rio de Janeiro,2023-09-07
8832,Cliente 8832,cliente8832@example.com,Rio de Janeiro,2024-12-13
8852,Cliente 8852,cliente8852@example.com,São Paulo,2025-02-08
8877,Cliente 8877,cliente8877@example.com,São Paulo,2023-08-26
8898,Cliente 8898,cliente8898@example.com,Rio de Janeiro,2023-02-14
8910,Cliente 8910,cliente8910@example.com,Outra,2024-10-05
9010,Cliente 9010,cliente9010@example.com,Rio de Janeiro,2024-10-16
9038,Cliente 9038,cliente9038@example.com,São Paulo,2023-01-26
9132,Cliente 9132,cliente9132@example.com,Rio de Janeiro,2024-01-13
9146,Cliente 9146,cliente9146@example.com,São Paulo,2024-12-21
9246,Cliente 9246,cliente9246@example.com,Outra,2025-10-14
9257,Cliente 9257,cliente9257@example.com,São Paulo,2023-03-26
9277,Cliente 9277,cliente9277@example.com,Rio de Janeiro,2024-11-25
9335,Cliente 9335,cliente9335@example.com,São Paulo,2025-05-27
9476,Cliente 9476,cliente9476@example.com,Outra,2025-07-04
9494,Cliente 9494,cliente9494@example.com,São Paulo,2025-08-05
9589,Cliente 9589,cliente9589@example.com,Belo Horizonte,2024-07-20
9638,Cliente 9638,cliente9638@example.com,São Paulo,2023-08-20
9668,Cliente 9668,cliente9668@example.com,Rio de Janeiro,2024-10-10
9674,Cliente 9674,cliente9674@example.com,Curitiba,2023-05-11
9704,Cliente 9704,cliente9704@example.com,São Paulo,2024-12-24
9749,Cliente 9749,cliente9749@example.com,Outra,2024-07-02
9767,Cliente 9767,cliente9767@example.com,São Paulo,2023-12-06
9851,Cliente 9851,cliente9851@example.com,São Paulo,2025-02-24
9858,Cliente 9858,cliente9858@example.com,Rio de Janeiro,2023-08-27
9904,Cliente 9904,cliente9904@example.com,São Paulo,2024-06-02
82,Cliente 82,cliente82@example.com,Belo Horizonte,2025-05-26
149,Cliente 149,cliente149@example.com,São Paulo,2022-11-09
189,Cliente 189,cliente189@example.com,São Paulo,2024-08-08
202,Cliente 202,cliente202@example.com,Curitiba,2024-03-29
255,Cliente 255,cliente255@example.com,Belo Horizonte,2025-01-20
315,Cliente 315,cliente315@example.com,São Paulo,2025-01-05
371,Cliente 371,cliente371@example.com,Belo Horizonte,2025-10-06
448,Cliente 448,cliente448@example.com,São Paulo,2023-06-30
516,Cliente 516,cliente516@example.com,São Paulo,2023-06-16
715,Cliente 715,cliente715@example.com,Belo Horizonte,2024-12-04
764,Cliente 764,cliente764@example.com,São Paulo,2025-01-18
835,Cliente 835,cliente835@example.com,São Paulo,2023-02-13
846,Cliente 846,cliente846@example.com,Curitiba,2025-09-14
900,Cliente 900,cliente900@example.com,São Paulo,2023-11-08
1032,Cliente 1032,cliente1032@example.com,São Paulo,2024-04-17
1057,Cliente 1057,cliente1057@example.com,São Paulo,2024-09-28
1058,Cliente 1058,cliente1058@example.com,São Paulo,2023-06-28
1101,Cliente 1101,cliente1101@example.com,Belo Horizonte,2025-05-20
1110,Cliente 1110,cliente1110@example.com,São Paulo,2024-06-13
1113,Cliente 1113,cliente1113@example.com,Rio de Janeiro,2024-06-06
1240,Cliente 1240,cliente1240@example.com,Rio de Janeiro,2023-04-21
1274,Cliente 1274,cliente1274@example.com,São Paulo,2025-07-03
1425,Cliente 1425,cliente1425@example.com,Rio de Janeiro,2025-03-15
1448,Cliente 1448,cliente1448@example.com,Rio de Janeiro,2025-04-01
1460,Cliente 1460,cliente1460@example.com,Curitiba,2023-08-14
1467,Cliente 1467,cliente1467@example.com,São Paulo,2023-07-17
1520,Cliente 1520,cliente1520@example.com,Rio de Janeiro,2025-02-10
1615,Cliente 1615,cliente1615@example.com,Outra,2025-08-29
1628,Cliente 1628,cliente1628@example.com,Belo Horizonte,2024-11-08
1632,Cliente 1632,cliente1632@example.com,São Paulo,2025-07-20
1792,Cliente 1792,cliente1792@example.com,São Paulo,2024-08-05
1796,Cliente 1796,cliente1796@example.com,São Paulo,2023-12-17
1797,Cliente 1797,cliente1797@example.com,Rio de Janeiro,2024-06-08
1918,Cliente 1918,cliente1918@example.com,Rio de Janeiro,2024-11-28
1924,Cliente 1924,cliente1924@example.com,Belo Horizonte,2024-11-11
1925,Cliente 1925,cliente1925@example.com,Rio de Janeiro,2025-03-28
1930,Cliente 1930,cliente1930@example.com,São Paulo,2023-02-22
1938,Cliente 1938,cliente1938@example.com,Rio de Janeiro,2023-12-04
1978,Cliente 1978,cliente1978@example.com,São Paulo,2023-04-29
1983,Cliente 1983,cliente1983@example.com,São Paulo,2025-06-19
2005,Cliente 2005,cliente2005@example.com,São Paulo,2024-07-18
2009,Cliente 2009,cliente2009@example.com,Rio de Janeiro,2025-05-21
2031,Cliente 2031,cliente2031@example.com,São Paulo,2024-05-26
2085,Cliente 2085,cliente2085@example.com,Rio de Janeiro,2022-11-10
2118,Cliente 2118,cliente2118@example.com,Belo Horizonte,2023-07-25
2147,Cliente 2147,cliente2147@example.com,São Paulo,2025-02-05
2172,Cliente 2172,cliente2172@example.com,Curitiba,2023-08-14
2309,Cliente 2309,cliente2309@example.com,São Paulo,2024-01-04
2334,Cliente 2334,cliente2334@example.com,Rio de Janeiro,2023-05-22
2367,Cliente 2367,cliente2367@example.com,Outra,2025-08-18
2380,Cliente 2380,cliente2380@example.com,Belo Horizonte,2024-05-05
2477,Cliente 2477,cliente2477@example.com,São Paulo,2024-10-15
2487,Cliente 2487,cliente2487@example.com,Curitiba,2023-02-24
2497,Cliente 2497,cliente2497@example.com,Outra,2025-10-11
2538,Cliente 2538,cliente2538@example.com,São Paulo,2022-11-13
2582,Cliente 2582,cliente2582@example.com,São Paulo,2024-07-27
2765,Cliente 2765,cliente2765@example.com,São Paulo,2024-06-06
2779,Cliente 2779,cliente2779@example.com,São Paulo,2024-10-19
2785,Cliente 2785,cliente2785@example.com,São Paulo,2023-01-05
2929,Cliente 2929,cliente2929@example.com,São Paulo,2025-03-31
2950,Cliente 2950,cliente2950@example.com,Rio de Janeiro,2023-08-27
2962,Cliente 2962,cliente2962@example.com,Belo Horizonte,2023-09-21
3086,Cliente 3086,cliente3086@example.com,Outra,2024-01-09
3092,Cliente 3092,cliente3092@example.com,Curitiba,2024-12-22
3205,Cliente 3205,cliente3205@example.com,Curitiba,2025-08-29
3219,Cliente 3219,cliente3219@example.com,Outra,2025-09-30
3228,Cliente 3228,cliente3228@example.com,São Paulo,2023-09-20
3314,Cliente 3314,cliente3314@example.com,São Paulo,2024-05-24
3315,Cliente 3315,cliente3315@example.com,Rio de Janeiro,2023-10-26
3347,Cliente 3347,cliente3347@example.com,Curitiba,2023-12-12
3362,Cliente 3362,cliente3362@example.com,Rio de Janeiro,2025-07-13
3440,Cliente 3440,cliente3440@example.com,Rio de Janeiro,2024-07-20
3448,Cliente 3448,cliente3448@example.com,Rio de Janeiro,2023-10-16
3463,Cliente 3463,cliente3463@example.com,Rio de Janeiro,2023-11-29
3562,Cliente 3562,cliente3562@example.com,São Paulo,2023-03-05
3572,Cliente 3572,cliente3572@example.com,Rio de Janeiro,2025-09-28
3611,Cliente 3611,cliente3611@example.com,São Paulo,2024-06-05
3613,Cliente 3613,cliente3613@example.com,São Paulo,2025-10-01
3621,Cliente 3621,cliente3621@example.com,Outra,2024-10-02
3626,Cliente 3626,cliente3626@example.com,São Paulo,2025-05-22
3628,Cliente 3628,cliente3628@example.com,Rio de Janeiro,2023-08-17
3657,Cliente 3657,cliente3657@example.com,São Paulo,2022-11-06
3702,Cliente 3702,cliente3702@example.com,Belo Horizonte,2025-03-26
3812,Cliente 3812,cliente3812@example.com,Rio de Janeiro,2025-05-11
3831,Cliente 3831,cliente3831@example.com,Outra,2024-02-28
3866,Cliente 3866,cliente3866@example.com,Belo Horizonte,2025-05-16
3880,Cliente 3880,cliente3880@example.com,Rio de Janeiro,2024-04-20
3928,Cliente 3928,cliente3928@example.com,São Paulo,2025-08-28
4019,Cliente 4019,cliente4019@example.com,Rio de Janeiro,2024-04-04
4107,Cliente 4107,cliente4107@example.com,São Paulo,2024-11-16
4180,Cliente 4180,cliente4180@example.com,São Paulo,2023-08-29
4232,Cliente 4232,cliente4232@example.com,Rio de Janeiro,2024-09-12
4236,Cliente 4236,cliente4236@example.com,São Paulo,2025-08-04
4237,Cliente 4237,cliente4237@example.com,Belo Horizonte,2023-09-09
4287,Cliente 4287,cliente4287@example.com,São Paulo,2023-04-14
4339,Cliente 4339,cliente4339@example.com,Curitiba,2025-05-28
4422,Cliente 4422,cliente4422@example.com,São Paulo,2024-10-09
4451,Cliente 4451,cliente4451@example.com,Rio de Janeiro,2025-05-07
4565,Cliente 4565,cliente4565@example.com,São Paulo,2024-05-10
4567,Cliente 4567,cliente4567@example.com,Rio de Janeiro,2025-06-13
4589,Cliente 4589,cliente4589@example.com,Rio de Janeiro,2023-09-05
4602,Cliente 4602,cliente4602@example.com,Rio de Janeiro,2022-12-18
4625,Cliente 4625,cliente4625@example.com,Rio de Janeiro,2025-07-18
4628,Cliente 4628,cliente4628@example.com,São Paulo,2025-03-04
4783,Cliente 4783,cliente4783@example.com,São Paulo,2023-07-20
4808,Cliente 4808,cliente4808@example.com,Rio de Janeiro,2025-08-04
4859,Cliente 4859,cliente4859@example.com,São Paulo,2022-11-15
4984,Cliente 4984,cliente4984@example.com,São Paulo,2025-05-12
4997,Cliente 4997,cliente4997@example.com,São Paulo,2024-06-12
5012,Cliente 5012,cliente5012@example.com,Curitiba,2024-05-25
5134,Cliente 5134,cliente5134@example.com,São Paulo,2023-08-02
5296,Cliente 5296,cliente5296@example.com,São Paulo,2025-02-28
5299,Cliente 5299,cliente5299@example.com,Rio de Janeiro,2024-11-18
5304,Cliente 5304,cliente5304@example.com,São Paulo,2023-05-31
5381,Cliente 5381,cliente5381@example.com,Belo Horizonte,2024-09-03
5476,Cliente 5476,cliente5476@example.com,São Paulo,2023-06-08
5513,Cliente 5513,cliente5513@example.com,São Paulo,2024-02-14
5550,Cliente 5550,cliente5550@example.com,Belo Horizonte,2025-01-20
5555,Cliente 5555,cliente5555@example.com,São Paulo,2024-09-09
5570,Cliente 5570,cliente5570@example.com,Rio de Janeiro,2024-04-23
5588,Cliente 5588,cliente5588@example.com,Outra,2025-01-09
5636,Cliente 5636,cliente5636@example.com,Belo Horizonte,2023-06-23
5651,Cliente 5651,cliente5651@example.com,São Paulo,2024-07-07
5663,Cliente 5663,cliente5663@example.com,Belo Horizonte,2025-03-26
5671,Cliente 5671,cliente5671@example.com,São Paulo,2024-07-03
6042,Cliente 6042,cliente6042@example.com,São Paulo,2022-12-22
6121,Cliente 6121,cliente6121@example.com,Rio de Janeiro,2024-03-31
6224,Cliente 6224,cliente6224@example.com,Belo Horizonte,2025-05-03
6318,Cliente 6318,cliente6318@example.com,São Paulo,2023-09-10
6333,Cliente 6333,cliente6333@example.com,Belo Horizonte,2023-10-22
6349,Cliente 6349,cliente6349@example.com,Rio de Janeiro,2023-12-09
6350,Cliente 6350,cliente6350@example.com,São Paulo,2023-12-05
6443,Cliente 6443,cliente6443@example.com,Curitiba,2023-10-10
6453,Cliente 6453,cliente6453@example.com,Belo Horizonte,2025-03-26
6459,Cliente 6459,cliente6459@example.com,São Paulo,2025-05-13
6483,Cliente 6483,cliente6483@example.com,Outra,2024-02-19
6527,Cliente 6527,cliente6527@example.com,Rio de Janeiro,2025-05-30
6542,Cliente 6542,cliente6542@example.com,Rio de Janeiro,2023-01-29
6611,Cliente 6611,cliente6611@example.com,Belo Horizonte,2024-01-29
6632,Cliente 6632,cliente6632@example.com,Outra,2024-06-20
6688,Cliente 6688,cliente6688@example.com,São Paulo,2023-10-31
6694,Cliente 6694,cliente6694@example.com,São Paulo,2023-09-09
6698,Cliente 6698,cliente6698@example.com,São Paulo,2025-07-22
6713,Cliente 6713,cliente6713@example.com,São Paulo,2024-10-13
6782,Cliente 6782,cliente6782@example.com,São Paulo,2024-06-23
6798,Cliente 6798,cliente6798@example.com,Belo Horizonte,2025-01-01
6859,Cliente 6859,cliente6859@example.com,Belo Horizonte,2023-03-26
6893,Cliente 6893,cliente6893@example.com,Rio de Janeiro,2023-10-26
6980,Cliente 6980,cliente6980@example.com,Belo Horizonte,2023-12-18
6984,Cliente 6984,cliente6984@example.com,Rio de Janeiro,2023-05-16
7005,Cliente 7005,cliente7005@example.com,São Paulo,2025-06-27
7176,Cliente 7176,cliente7176@example.com,Rio de Janeiro,2025-04-30
7186,Cliente 7186,cliente7186@example.com,Outra,2023-12-21
7221,Cliente 7221,cliente7221@example.com,Rio de Janeiro,2024-12-14
7242,Cliente 7242,cliente7242@example.com,Belo Horizonte,2023-01-28
7251,Cliente 7251,cliente7251@example.com,São Paulo,2025-06-11
7290,Cliente 7290,cliente7290@example.com,Belo Horizonte,2023-03-15
7294,Cliente 7294,cliente7294@example.com,Outra,2025-10-18
7327,Cliente 7327,cliente7327@example.com,Rio de Janeiro,2024-05-16
7340,Cliente 7340,cliente7340@example.com,Rio de Janeiro,2024-10-12
7399,Cliente 7399,cliente7399@example.com,São Paulo,2024-04-23
7422,Cliente 7422,cliente7422@example.com,Rio de Janeiro,2024-03-24
7629,Cliente 7629,cliente7629@example.com,Outra,2025-06-24
7636,Cliente 7636,cliente7636@example.com,São Paulo,2025-05-30
7673,Cliente 7673,cliente7673@example.com,Belo Horizonte,2024-10-12
7693,Cliente 7693,cliente7693@example.com,Belo Horizonte,2023-08-19
7708,Cliente 7708,cliente7708@example.com,Rio de Janeiro,2023-02-11
7713,Cliente 7713,cliente7713@example.com,Belo Horizonte,2023-04-05
7720,Cliente 7720,cliente7720@example.com,São Paulo,2024-09-15
7766,Cliente 7766,cliente7766@example.com,São Paulo,2025-01-05
7789,Cliente 7789,cliente7789@example.com,Outra,2024-03-03
7840,Cliente 7840,cliente7840@example.com,São Paulo,2023-10-28
7947,Cliente 7947,cliente7947@example.com,Belo Horizonte,2023-08-16
8103,Cliente 8103,cliente8103@example.com,São Paulo,2024-01-11
8140,Cliente 8140,cliente8140@example.com,Rio de Janeiro,2024-07-23
8183,Cliente 8183,cliente8183@example.com,Rio de Janeiro,2023-05-07
8189,Cliente 8189,cliente8189@example.com,Belo Horizonte,2025-08-06
8263,Cliente 8263,cliente8263@example.com,Outra,2025-06-25
8275,Cliente 8275,cliente8275@example.com,São Paulo,2023-04-18
8296,Cliente 8296,cliente8296@example.com,Rio de Janeiro,2025-01-05
8536,Cliente 8536,cliente8536@example.com,São Paulo,2022-11-17
8570,Cliente 8570,cliente8570@example.com,Outra,2025-03-12
8632,Cliente 8632,cliente8632@example.com,São Paulo,2024-05-10
8771,Cliente 8771,cliente8771@example.com,Curitiba,2025-04-23
8807,Cliente 8807,cliente8807@example.com,São Paulo,2024-03-27
8846,Cliente 8846,cliente8846@example.com,São Paulo,2025-07-27
8900,Cliente 8900,cliente8900@example.com,Rio de Janeiro,2025-09-19
9004,Cliente 9004,cliente9004@example.com,São Paulo,2023-01-10
9025,Cliente 9025,cliente9025@example.com,Outra,2024-06-14
9161,Cliente 9161,cliente9161@example.com,Curitiba,2025-04-10
9363,Cliente 9363,cliente9363@example.com,Outra,2024-06-23
9449,Cliente 9449,cliente9449@example.com,Outra,2023-07-12
9462,Cliente 9462,cliente9462@example.com,Belo Horizonte,2024-02-05
9486,Cliente 9486,cliente9486@example.com,São Paulo,2024-11-17
9496,Cliente 9496,cliente9496@example.com,São Paulo,2025-09-17
9635,Cliente 9635,cliente9635@example.com,São Paulo,2024-01-20
9687,Cliente 9687,cliente9687@example.com,São Paulo,2024-01-03
9724,Cliente 9724,cliente9724@example.com,Rio de Janeiro,2025-02-08
9763,Cliente 9763,cliente9763@example.com,São Paulo,2023-07-15
9777,Cliente 9777,cliente9777@example.com,São Paulo,2022-11-03
9796,Cliente 9796,cliente9796@example.com,São Paulo,2023-05-28
9803,Cliente 9803,cliente9803@example.com,Rio de Janeiro,2023-02-08
9812,Cliente 9812,cliente9812@example.com,São Paulo,2023-01-26
9833,Cliente 9833,cliente9833@example.com,Rio de Janeiro,2022-11-25
9861,Cliente 9861,cliente9861@example.com,Curitiba,2023-06-12
9899,Cliente 9899,cliente9899@example.com,São Paulo,2024-07-15
9900,Cliente 9900,cliente9900@example.com,Rio de Janeiro,2023-12-02
9916,Cliente 9916,cliente9916@example.com,Rio de Janeiro,2024-03-30
9927,Cliente 9927,cliente9927@example.com,Rio de Janeiro,2023-09-03
9983,Cliente 9983,cliente9983@example.com,Outra,2022-12-06
1,Cliente 1,cliente1@example.com,São Paulo,2025-10-14
18,Cliente 18,cliente18@example.com,Rio de Janeiro,2023-12-15
46,Cliente 46,cliente46@example.com,Rio de Janeiro,2023-11-12
51,Cliente 51,cliente51@example.com,São Paulo,2023-01-03
73,Cliente 73,cliente73@example.com,Rio de Janeiro,2024-03-09
90,Cliente 90,cliente90@example.com,São Paulo,2023-03-14
227,Cliente 227,cliente227@example.com,Outra,2025-11-01
243,Cliente 243,cliente243@example.com,São Paulo,2023-06-18
309,Cliente 309,cliente309@example.com,São Paulo,2025-01-31
333,Cliente 333,cliente333@example.com,Outra,2024-07-02
352,Cliente 352,cliente352@example.com,São Paulo,2024-11-09
358,Cliente 358,cliente358@example.com,São Paulo,2024-06-08
378,Cliente 378,cliente378@example.com,Curitiba,2023-09-16
383,Cliente 383,cliente383@example.com,Rio de Janeiro,2025-07-27
441,Cliente 441,cliente441@example.com,São Paulo,2023-09-05
445,Cliente 445,cliente445@example.com,Curitiba,2023-06-21
453,Cliente 453,cliente453@example.com,Rio de Janeiro,2024-09-27
487,Cliente 487,cliente487@example.com,Rio de Janeiro,2023-07-31
498,Cliente 498,cliente498@example.com,São Paulo,2024-06-29
550,Cliente 550,cliente550@example.com,São Paulo,2024-06-20
636,Cliente 636,cliente636@example.com,São Paulo,2023-07-22
709,Cliente 709,cliente709@example.com,São Paulo,2023-03-24
738,Cliente 738,cliente738@example.com,São Paulo,2023-02-07
827,Cliente 827,cliente827@example.com,São Paulo,2023-06-21
855,Cliente 855,cliente855@example.com,Curitiba,2025-04-08
917,Cliente 917,cliente917@example.com,Curitiba,2024-07-19
931,Cliente 931,cliente931@example.com,Belo Horizonte,2023-07-30
1118,Cliente 1118,cliente1118@example.com,São Paulo,2024-11-27
1153,Cliente 1153,cliente1153@example.com,Curitiba,2022-12-13
1172,Cliente 1172,cliente1172@example.com,Curitiba,2025-08-14
1178,Cliente 1178,cliente1178@example.com,Rio de Janeiro,2025-08-04
1197,Cliente 1197,cliente1197@example.com,Curitiba,2024-08-23
1204,Cliente 1204,cliente1204@example.com,Outra,2024-11-19
1348,Cliente 1348,cliente1348@example.com,Rio de Janeiro,2024-11-11
1393,Cliente 1393,cliente1393@example.com,Belo Horizonte,2025-06-08
1452,Cliente 1452,cliente1452@example.com,Curitiba,2025-07-26
1466,Cliente 1466,cliente1466@example.com,Rio de Janeiro,2023-09-06
1480,Cliente 1480,cliente1480@example.com,Rio de Janeiro,2024-02-13
1496,Cliente 1496,cliente1496@example.com,Belo Horizonte,2024-05-08
1618,Cliente 1618,cliente1618@example.com,Curitiba,2024-06-12
1673,Cliente 1673,cliente1673@example.com,São Paulo,2025-04-10
1934,Cliente 1934,cliente1934@example.com,Outra,2024-11-16
2205,Cliente 2205,cliente2205@example.com,São Paulo,2025-05-26
2356,Cliente 2356,cliente2356@example.com,Rio de Janeiro,2024-10-20
2480,Cliente 2480,cliente2480@example.com,São Paulo,2023-10-30
2533,Cliente 2533,cliente2533@example.com,Belo Horizonte,2025-03-22
2640,Cliente 2640,cliente2640@example.com,Curitiba,2024-01-29
2642,Cliente 2642,cliente2642@example.com,Curitiba,2025-07-30
2653,Cliente 2653,cliente2653@example.com,São Paulo,2024-05-25
2825,Cliente 2825,cliente2825@example.com,São Paulo,2025-06-30
2862,Cliente 2862,cliente2862@example.com,Rio de Janeiro,2023-03-25
2938,Cliente 2938,cliente2938@example.com,Curitiba,2023-10-16
2958,Cliente 2958,cliente2958@example.com,Rio de Janeiro,2024-03-13
2987,Cliente 2987,cliente2987@example.com,Curitiba,2024-06-29
3067,Cliente 3067,cliente3067@example.com,Rio de Janeiro,2023-07-28
3076,Cliente 3076,cliente3076@example.com,Rio de Janeiro,2024-02-24
3082,Cliente 3082,cliente3082@example.com,Rio de Janeiro,2025-01-21
3109,Cliente 3109,cliente3109@example.com,Rio de Janeiro,2024-10-20
3206,Cliente 3206,cliente3206@example.com,São Paulo,2023-04-18
3234,Cliente 3234,cliente3234@example.com,São Paulo,2024-02-06
3252,Cliente 3252,cliente3252@example.com,São Paulo,2025-03-28
3341,Cliente 3341,cliente3341@example.com,São Paulo,2025-03-17
3409,Cliente 3409,cliente3409@example.com,Rio de Janeiro,2025-07-19
3410,Cliente 3410,cliente3410@example.com,Rio de Janeiro,2023-06-28
3418,Cliente 3418,cliente3418@example.com,São Paulo,2024-02-29
3487,Cliente 3487,cliente3487@example.com,Belo Horizonte,2025-08-19
3635,Cliente 3635,cliente3635@example.com,São Paulo,2025-09-26
3683,Cliente 3683,cliente3683@example.com,Belo Horizonte,2025-01-23
3693,Cliente 3693,cliente3693@example.com,São Paulo,2025-08-23
3767,Cliente 3767,cliente3767@example.com,Belo Horizonte,2023-11-07
3797,Cliente 3797,cliente3797@example.com,Outra,2024-09-10
3969,Cliente 3969,cliente3969@example.com,São Paulo,2024-04-10
4008,Cliente 4008,cliente4008@example.com,Rio de Janeiro,2024-07-09
4035,Cliente 4035,cliente4035@example.com,Rio de Janeiro,2024-07-15
4372,Cliente 4372,cliente4372@example.com,Belo Horizonte,2025-03-14
4404,Cliente 4404,cliente4404@example.com,São Paulo,2024-10-11
4516,Cliente 4516,cliente4516@example.com,Outra,2023-06-11
4525,Cliente 4525,cliente4525@example.com,São Paulo,2025-02-21
4568,Cliente 4568,cliente4568@example.com,Belo Horizonte,2024-04-05
4609,Cliente 4609,cliente4609@example.com,Curitiba,2023-04-22
4620,Cliente 4620,cliente4620@example.com,São Paulo,2025-02-20
4642,Cliente 4642,cliente4642@example.com,Outra,2025-04-05
4832,Cliente 4832,cliente4832@example.com,Rio de Janeiro,2025-04-27
4838,Cliente 4838,cliente4838@example.com,Belo Horizonte,2024-01-09
4897,Cliente 4897,cliente4897@example.com,São Paulo,2023-11-15
4987,Cliente 4987,cliente4987@example.com,São Paulo,2025-04-09
5090,Cliente 5090,cliente5090@example.com,Rio de Janeiro,2024-01-24
5147,Cliente 5147,cliente5147@example.com,Belo Horizonte,2023-02-22
5167,Cliente 5167,cliente5167@example.com,Rio de Janeiro,2025-03-19
5201,Cliente 5201,cliente5201@example.com,São Paulo,2023-06-09
5223,Cliente 5223,cliente5223@example.com,São Paulo,2024-12-27
5239,Cliente 5239,cliente5239@example.com,São Paulo,2024-08-10
5301,Cliente 5301,cliente5301@example.com,São Paulo,2024-04-14
5567,Cliente 5567,cliente5567@example.com,São Paulo,2022-12-10
5644,Cliente 5644,cliente5644@example.com,São Paulo,2023-03-09
5683,Cliente 5683,cliente5683@example.com,São Paulo,2024-06-11
5724,Cliente 5724,cliente5724@example.com,São Paulo,2025-05-20
5804,Cliente 5804,cliente5804@example.com,Curitiba,2023-08-16
5937,Cliente 5937,cliente5937@example.com,Belo Horizonte,2023-08-22
5984,Cliente 5984,cliente5984@example.com,Curitiba,2024-06-13
6114,Cliente 6114,cliente6114@example.com,São Paulo,2023-03-09
6227,Cliente 6227,cliente6227@example.com,Rio de Janeiro,2025-06-22
6241,Cliente 6241,cliente6241@example.com,São Paulo,2023-01-27
6311,Cliente 6311,cliente6311@example.com,São Paulo,2024-09-28
6362,Cliente 6362,cliente6362@example.com,Rio de Janeiro,2024-02-02
6463,Cliente 6463,cliente6463@example.com,São Paulo,2024-01-19
6500,Cliente 6500,cliente6500@example.com,Curitiba,2025-01-25
6575,Cliente 6575,cliente6575@example.com,São Paulo,2024-08-16
6592,Cliente 6592,cliente6592@example.com,Outra,2024-06-15
6696,Cliente 6696,cliente6696@example.com,São Paulo,2023-02-04
6720,Cliente 6720,cliente6720@example.com,Curitiba,2023-06-30
6853,Cliente 6853,cliente6853@example.com,Outra,2025-02-06
6905,Cliente 6905,cliente6905@example.com,Belo Horizonte,2025-04-24
6931,Cliente 6931,cliente6931@example.com,São Paulo,2023-08-03
6972,Cliente 6972,cliente6972@example.com,São Paulo,2025-05-04
6988,Cliente 6988,cliente6988@example.com,São Paulo,2023-12-31
7010,Cliente 7010,cliente7010@example.com,Curitiba,2022-11-14
7021,Cliente 7021,cliente7021@example.com,São Paulo,2022-12-22
7049,Cliente 7049,cliente7049@example.com,Outra,2022-11-09
7108,Cliente 7108,cliente7108@example.com,Curitiba,2025-08-18
7137,Cliente 7137,cliente7137@example.com,Belo Horizonte,2023-12-19
7153,Cliente 7153,cliente7153@example.com,Belo Horizonte,2025-08-18
7167,Cliente 7167,cliente7167@example.com,Rio de Janeiro,2023-07-20
7168,Cliente 7168,cliente7168@example.com,Rio de Janeiro,2024-05-07
7179,Cliente 7179,cliente7179@example.com,Curitiba,2025-04-28
7274,Cliente 7274,cliente7274@example.com,Outra,2025-08-19
7297,Cliente 7297,cliente7297@example.com,Outra,2024-11-01
7318,Cliente 7318,cliente7318@example.com,Rio de Janeiro,2024-05-17
7321,Cliente 7321,cliente7321@example.com,São Paulo,2025-03-06
7342,Cliente 7342,cliente7342@example.com,Rio de Janeiro,2024-03-21
7369,Cliente 7369,cliente7369@example.com,Belo Horizonte,2023-12-20
7452,Cliente 7452,cliente7452@example.com,Rio de Janeiro,2024-04-22
7509,Cliente 7509,cliente7509@example.com,São Paulo,2025-04-14
7541,Cliente 7541,cliente7541@example.com,Belo Horizonte,2025-01-16
7543,Cliente 7543,cliente7543@example.com,Rio de Janeiro,2025-10-05
7554,Cliente 7554,cliente7554@example.com,Curitiba,2023-12-12
7571,Cliente 7571,cliente7571@example.com,Belo Horizonte,2024-09-18
7632,Cliente 7632,cliente7632@example.com,Curitiba,2023-04-19
7668,Cliente 7668,cliente7668@example.com,São Paulo,2023-02-13
7777,Cliente 7777,cliente7777@example.com,Rio de Janeiro,2025-06-02
7784,Cliente 7784,cliente7784@example.com,Rio de Janeiro,2025-06-01
7791,Cliente 7791,cliente7791@example.com,São Paulo,2023-04-07
7888,Cliente 7888,cliente7888@example.com,Outra,2024-01-04
8076,Cliente 8076,cliente8076@example.com,Outra,2025-07-15
8137,Cliente 8137,cliente8137@example.com,Rio de Janeiro,2024-09-27
8150,Cliente 8150,cliente8150@example.com,Rio de Janeiro,2025-01-10
8153,Cliente 8153,cliente8153@example.com,São Paulo,2024-10-08
8155,Cliente 8155,cliente8155@example.com,São Paulo,2024-06-29
8176,Cliente 8176,cliente8176@example.com,Rio de Janeiro,2024-06-12
8201,Cliente 8201,cliente8201@example.com,Outra,2023-09-06
8297,Cliente 8297,cliente8297@example.com,São Paulo,2023-06-10
8313,Cliente 8313,cliente8313@example.com,São Paulo,2025-05-31
8441,Cliente 8441,cliente8441@example.com,São Paulo,2023-02-11
8473,Cliente 8473,cliente8473@example.com,Curitiba,2025-07-21
8591,Cliente 8591,cliente8591@example.com,Belo Horizonte,2025-07-26
8634,Cliente 8634,cliente8634@example.com,Rio de Janeiro,2025-05-16
8652,Cliente 8652,cliente8652@example.com,São Paulo,2023-11-14
8694,Cliente 8694,cliente8694@example.com,Rio de Janeiro,2022-12-06
8756,Cliente 8756,cliente8756@example.com,Rio de Janeiro,2024-06-23
8827,Cliente 8827,cliente8827@example.com,Curitiba,2024-12-06
8842,Cliente 8842,cliente8842@example.com,Outra,2025-03-01
8894,Cliente 8894,cliente8894@example.com,São Paulo,2023-12-03
8974,Cliente 8974,cliente8974@example.com,São Paulo,2023-08-15
9045,Cliente 9045,cliente9045@example.com,Curitiba,2023-12-31
9051,Cliente 9051,cliente9051@example.com,Rio de Janeiro,2023-07-31
9090,Cliente 9090,cliente9090@example.com,São Paulo,2023-03-22
9138,Cliente 9138,cliente9138@example.com,São Paulo,2025-06-02
9162,Cliente 9162,cliente9162@example.com,Outra,2022-12-31
9212,Cliente 9212,cliente9212@example.com,Belo Horizonte,2025-10-29
9406,Cliente 9406,cliente9406@example.com,São Paulo,2023-08-03
9409,Cliente 9409,cliente9409@example.com,Rio de Janeiro,2023-04-12
9458,Cliente 9458,cliente9458@example.com,Belo Horizonte,2023-04-09
9488,Cliente 9488,cliente9488@example.com,Rio de Janeiro,2025-06-07
9528,Cliente 9528,cliente9528@example.com,Outra,2024-05-13
9648,Cliente 9648,cliente9648@example.com,São Paulo,2024-12-28
9660,Cliente 9660,cliente9660@example.com,São Paulo,2024-11-15
9752,Cliente 9752,cliente9752@example.com,Belo Horizonte,2024-05-04
9761,Cliente 9761,cliente9761@example.com,São Paulo,2023-02-09
9785,Cliente 9785,cliente9785@example.com,Rio de Janeiro,2025-01-25
9794,Cliente 9794,cliente9794@example.com,Belo Horizonte,2024-11-13
9828,Cliente 9828,cliente9828@example.com,São Paulo,2023-01-15
9842,Cliente 9842,cliente9842@example.com,Outra,2025-06-27
9860,Cliente 9860,cliente9860@example.com,Belo Horizonte,2025-01-29
9865,Cliente 9865,cliente9865@example.com,São Paulo,2024-12-22
9924,Cliente 9924,cliente9924@example.com,Curitiba,2024-05-09
9925,Cliente 9925,cliente9925@example.com,Rio de Janeiro,2024-05-26
9986,Cliente 9986,cliente9986@example.com,São Paulo,2024-04-25
9995,Cliente 9995,cliente9995@example.com,Belo Horizonte,2024-05-14
4,Cliente 4,cliente4@example.com,Rio de Janeiro,2023-03-11
29,Cliente 29,cliente29@example.com,Rio de Janeiro,2024-11-28
53,Cliente 53,cliente53@example.com,Outra,2024-09-30
85,Cliente 85,cliente85@example.com,São Paulo,2022-11-16
116,Cliente 116,cliente116@example.com,Curitiba,2023-08-23
174,Cliente 174,cliente174@example.com,Belo Horizonte,2023-08-20
212,Cliente 212,cliente212@example.com,Rio de Janeiro,2024-10-10
335,Cliente 335,cliente335@example.com,Outra,2024-10-10
459,Cliente 459,cliente459@example.com,Outra,2023-10-16
519,Cliente 519,cliente519@example.com,São Paulo,2023-06-10
536,Cliente 536,cliente536@example.com,Rio de Janeiro,2025-06-05
617,Cliente 617,cliente617@example.com,Curitiba,2025-02-21
